vincent1.png,0
vincent2.png,0
vincent3.png,0
vincent4.png,0
vincent5.png,0
vincent6.png,0
vincent7.png,0
vincent8.png,0
vincent9.png,0
vincent10.png,0
vincent11.png,0
vincent12.png,0
vincent13.png,0
vincent14.png,0
alexis2.png,1
alexis3.png,1
alexis4.png,1
alexis5.png,1
alexis6.png,1
alexis7.png,1
alexis8.png,1
alexis12.png,1
jonas1.png,2
jonas2.png,2
jonas3.png,2
jonas4.png,2
jonas5.png,2
jonas6.png,2
jonas7.png,2
jonas8.png,2
jonas9.png,2
jonas10.png,2
jonas11.png,2
jonas12.png,2
jonas13.png,2
jonas14.png,2
jonas15.png,2
